id,filename,timestamp,lat,lon,score,class,caption
result_000001,result_000001.jpg,2025-10-27T19:08:22.230337+00:00,36.34509573249779,127.29756607903239,0.5448250844617577,soldier,눈 덮인 숲 속에서 설상 위장복을 입고 앉아있는 사람
result_000002,result_000002.jpg,2025-10-27T08:50:22.230337+00:00,36.35408997108887,127.31029429766971,0.46741769047435766,soldier,키 큰 풀밭에 엎드려 위장복을 입고 주변을 살피는 사람
result_000003,result_000003.jpg,2025-10-22T09:02:22.230337+00:00,36.33822128630958,127.29518176500997,0.51971759480773,soldier,소나무 숲 속에서 위장복을 입고 나무 뒤에 서 있는 사람
result_000004,result_000004.jpg,2025-10-22T15:09:22.230337+00:00,36.33967256608849,127.32897908524177,0.4369176085418429,soldier,밤에 수풀에서 길리슈트를 입고 저격 소총을 조준하는 사람
result_000006,result_000006.jpg,2025-10-17T11:36:22.230337+00:00,36.35965230673678,127.30504317221943,0.7275144440151509,soldier,숲 속 나무 옆에 쭈그리고 앉아 위장복과 부니햇을 착용한 사람
result_000007,result_000007.jpg,2025-10-26T18:08:22.230337+00:00,36.35443316429755,127.3144966746833,0.5997266981437366,soldier,숲 속에서 나뭇잎 위장복을 입고 서 있는 사람
result_000008,result_000008.jpg,2025-10-28T09:19:22.230337+00:00,36.36772041333648,127.28692460406366,0.808173672479447,soldier,위장복을 입고 소총 두 자루를 몸에 지닌 사람들의 상반신 클로즈업
result_000010,result_000010.jpg,2025-10-20T22:10:22.230337+00:00,36.36774598661147,127.29080773650976,0.7408307125080074,soldier,숲 속 수풀에 쭈그리고 앉아 위장 패턴으로 덮인 카메라를 조준하는 두 사람
result_000011,result_000011.jpg,2025-10-29T04:06:22.230337+00:00,36.343311113572774,127.29616685229317,0.7097916708975918,soldier,잔디밭에 앉아 나뭇잎 패턴 위장복을 뒤집어 쓴 사람
result_000012,result_000012.jpg,2025-10-27T01:25:22.230337+00:00,36.34847763268528,127.29714415033716,0.6843414109846522,soldier,숲에서 위장복을 입고 위장된 망원 렌즈 카메라를 조준하는 사람
result_000013,result_000013.jpg,2025-10-19T09:49:22.230337+00:00,36.32948502991104,127.30428347113013,0.6528546511900168,soldier,바위 절벽 앞에서 위장복을 입고 위장된 카메라를 들고 앉아있는 사람
result_000014,result_000014.jpg,2025-10-25T15:11:22.230337+00:00,36.350350414352135,127.31671939445027,0.5233127477322619,soldier,숲속에서 위장복과 모자를 쓰고 총기를 조준하는 사람
result_000015,result_000015.jpg,2025-10-29T00:08:22.230337+00:00,36.342635688131004,127.31303528485154,0.8025981341877844,soldier,숲 속에서 전술 장비와 위장복을 착용하고 소총을 조준하는 두 명의 군인
result_000016,result_000016.jpg,2025-10-24T00:13:22.230337+00:00,36.3560980495431,127.31503423760287,0.8505273326767655,soldier,낙엽 숲 속에서 나뭇잎 위장복을 입고 서 있는 두 사람과 위장된 카메라
result_000017,result_000017.jpg,2025-10-30T00:42:22.230337+00:00,36.34276584798951,127.28213602465651,0.5952361664820264,soldier,어두운 숲 속 덩굴 덮인 나무 옆에서 총기를 조준하는 군인
result_000018,result_000018.jpg,2025-10-29T11:16:22.230337+00:00,36.36176211263371,127.2685724396789,0.5553021941548545,soldier,나무 옆에 길리슈트를 입고 위장하고 서 있는 사람
result_000019,result_000019.jpg,2025-10-18T04:45:22.230337+00:00,36.354394299552006,127.28557580703003,0.7664761131720452,soldier,숲 속 나무 옆에서 위장복을 입고 서 있는 사람
result_000020,result_000020.jpg,2025-10-20T17:47:22.230337+00:00,36.34950075230361,127.30455582074103,0.7804186716036188,soldier,풀밭에서 길리슈트를 입고 조준경이 달린 소총을 조준하는 사람
result_000021,result_000021.jpg,2025-10-19T20:49:22.230337+00:00,36.359521589403194,127.30284091036141,0.9851085219616,soldier,나무 아래에 나뭇잎 위장복을 입고 기대어 누워있는 사람
result_000022,result_000022.jpg,2025-10-20T05:23:22.230337+00:00,36.354612930500416,127.30979072511485,0.7493366434579056,soldier,쓰러진 나무뿌리 위장 물체 뒤에 숨어있는 사람
result_000023,result_000023.jpg,2025-10-18T19:13:22.230337+00:00,36.34847859073867,127.28487225106072,0.7822884728210593,soldier,길가 옆 나무의 줄기에 딱 붙어 위장하고 있는 사람
result_000024,result_000024.jpg,2025-10-26T16:10:22.230337+00:00,36.34536195500748,127.3024725363031,0.520017591957515,soldier,숲속에서 전술 장비와 위장복을 착용하고 소총을 든 두 명의 군인
result_000025,result_000025.jpg,2025-10-21T09:31:22.230337+00:00,36.3679259961534,127.28659727875191,0.9033138360710956,soldier,숲속 나무 뒤에서 길리슈트를 입고 총기를 조준하는 사람
result_000026,result_000026.jpg,2025-10-22T08:38:22.230337+00:00,36.34608419304313,127.32143434326396,0.8944897816760166,soldier,마른 풀밭에서 장비와 위장복을 갖추고 소총을 든 두 명의 군인
result_000027,result_000027.jpg,2025-10-26T09:08:22.230337+00:00,36.35774918156959,127.29363900542138,0.49641376753291294,soldier,나무 껍질처럼 위장용 페인팅을 하고 나무에 기대어 서 있는 사람
result_000028,result_000028.jpg,2025-10-21T03:34:22.230337+00:00,36.34821176439663,127.2821667396243,0.6919685279319351,soldier,숲 속 쓰러진 나무 위에 위장복을 입고 앉아있는 사람
result_000029,result_000029.jpg,2025-10-24T06:44:22.230337+00:00,36.37046962711795,127.31293047508598,0.781406775089339,soldier,소나무 숲에서 길리슈트를 입고 소총을 든 채 위장하고 서 있는 사람
result_000030,result_000030.jpg,2025-10-28T08:03:22.230337+00:00,36.3598339030894,127.2797592029406,0.9881458467525123,soldier,낙엽과 마른 풀 속에서 길리슈트를 입고 서 있는 사람
result_000032,result_000032.jpg,2025-10-25T12:48:22.230337+00:00,36.34133505084082,127.29985547937032,0.7824274633517042,soldier,숲속에서 길리슈트를 입고 활을 들고 서 있는 사람
result_000033,result_000033.jpg,2025-10-18T21:48:22.230337+00:00,36.34201824079883,127.30934183978711,0.7587282088868947,soldier,숲 속 바위 위에 서 있는 풀 위장복 착용자
result_000036,result_000036.jpg,2025-10-17T18:01:22.230337+00:00,36.34353572765626,127.31092617106671,0.6872973658146339,soldier,마른 풀 위장 소재가 부착된 위장복을 입고 서 있는 사람
result_000037,result_000037.jpg,2025-10-18T19:54:22.230337+00:00,36.36301346195682,127.30418559859746,0.49200292571275805,soldier,숲 속 큰 나무 줄기에 기대어 앉아 위장복을 입고 있는 사람
result_000038,result_000038.jpg,2025-10-21T17:45:22.230337+00:00,36.36406317640173,127.29552057944655,0.515508471651101,soldier,낙엽 숲에서 위장된 소총 두 자루 옆에 길리슈트를 입고 엎드린 사람의 상반신
result_000039,result_000039.jpg,2025-10-23T15:04:22.230337+00:00,36.347034657406475,127.29763682851926,0.914617733664902,soldier,바위가 많은 사막 지형에서 교전 중인 위장복을 입은 군인들 (회화)
result_000041,result_000041.jpg,2025-10-16T13:37:22.230337+00:00,36.344324320133914,127.2893896221365,0.37629919188057726,soldier,바위와 자갈로 덮인 언덕에 위장복을 입고 엎드려 있는 사람
result_000046,result_000046.jpg,2025-10-26T21:09:22.230337+00:00,36.353750414426145,127.29641546987651,0.9816930384350562,soldier,눈 덮인 숲 속에서 설상 위장복을 입고 서 있는 사람
result_000047,result_000047.jpg,2025-10-27T15:21:22.230337+00:00,36.358866438399566,127.2849246183732,0.5231742942249588,soldier,눈 덮인 언덕에서 나무 옆에 설상 위장복을 입고 서 있는 사람
result_000048,result_000048.jpg,2025-10-17T01:01:22.230337+00:00,36.36740082609301,127.29712217573358,0.7502047645057491,soldier,눈 덮인 수풀 앞에서 설상 위장복을 입고 서 있는 사람
result_000049,result_000049.jpg,2025-10-24T02:22:22.230337+00:00,36.35166976335039,127.31685826912613,0.6677730388598153,soldier,눈 덮인 언덕을 기어오르는 설상 위장복을 입은 사람
result_000050,result_000050.jpg,2025-10-21T11:16:22.230337+00:00,36.36702696322344,127.30148071909933,0.6913825767979679,soldier,눈 덮인 언덕에서 나무 옆에 설상 위장복을 입고 서 있는 사람
result_000051,result_000051.jpg,2025-10-21T02:14:22.230337+00:00,36.36684004371193,127.29624599657633,0.8354952792793195,soldier,눈 덮인 숲 속에서 마스크와 흰색 위장 코트를 입고 소총을 든 사람 (예술 이미지)
result_000052,result_000052.jpg,2025-10-21T15:26:22.230337+00:00,36.35861171292966,127.31677416964773,0.9201666870110433,soldier,눈 덮인 숲에서 설상 위장복을 입고 소총을 들고 이동하는 두 사람
result_000053,result_000053.jpg,2025-10-18T23:55:22.230337+00:00,36.33249304985418,127.31975207904811,0.701153787084179,soldier,눈 덮인 숲에서 흰색 설상 위장복과 전술 장비를 착용하고 기관총을 드는 군인
result_000054,result_000054.jpg,2025-10-25T06:55:22.230337+00:00,36.333649501814826,127.30176603342987,0.9051175554484076,soldier,눈 덮인 들판에서 흰색 설상 위장복을 입고 이동하는 두 사람
result_000056,result_000056.jpg,2025-10-24T00:43:22.230337+00:00,36.361053341800165,127.281641270919,0.5360804112345907,soldier,눈 덮인 지형에 위장하고 있는 사람의 일부분
result_000057,result_000057.jpg,2025-10-26T05:57:22.230337+00:00,36.33685775472166,127.28727543126634,0.9754586866762535,soldier,눈 덮인 언덕에 설상 위장하고 있는 사람의 일부분
result_000058,result_000058.jpg,2025-10-20T00:51:22.230337+00:00,36.35974737764776,127.28891034180539,0.6887076622283292,soldier,눈 덮인 수풀 사이로 설상 위장복을 입고 소총을 조준하는 사람
result_000059,result_000059.jpg,2025-10-25T10:03:22.230337+00:00,36.345191526094396,127.30413151789706,0.7484611403766421,soldier,숲속에서 위장복과 조끼를 착용하고 소총을 들고 쭈그리고 서 있는 사람
result_000060,result_000060.jpg,2025-10-18T17:56:22.230337+00:00,36.33452770514029,127.30677186790669,0.6985326388710947,soldier,키 큰 수풀에서 길리슈트와 위장복을 입고 소총을 들고 서 있는 사람
result_000061,result_000061.jpg,2025-10-23T03:33:22.230337+00:00,36.33786111686044,127.30096505280986,0.7722936182431007,soldier,풀이 무성한 수풀 속에서 길리슈트를 입고 뒷모습을 보이는 사람
result_000062,result_000062.jpg,2025-10-26T04:31:22.230337+00:00,36.35718794846695,127.2939316832288,0.3357524452526175,soldier,숲속 수풀에 엎드려 나뭇잎 위장복을 입고 소총을 들고 있는 사람
result_002825,result_002825.jpg,2025-10-19T21:02:22.230337+00:00,36.357017429829995,127.31195059548831,0.8083386428430475,soldier,눈 덮인 숲에서 흰색 위장복을 입고 엽총을 들고 앉아있는 여성
result_002826,result_002826.jpg,2025-10-30T11:50:22.230337+00:00,36.34995434356241,127.29060721509556,0.45812064425759214,soldier,눈 덮인 숲에서 흰색 위장복을 입고 소총을 들고 서 있는 여성
result_002827,result_002827.jpg,2025-10-21T18:09:22.230337+00:00,36.3410514627915,127.29491758022861,0.6492273239056402,soldier,눈 덮인 야외 훈련장에서 길리슈트를 입고 총기를 조준하는 군인들
result_002828,result_002828.jpg,2025-10-24T15:38:22.230337+00:00,36.33766792887026,127.31697694077026,0.8076995242865626,soldier,눈 덮인 숲에서 흰색 설상 위장복을 입고 소총을 조준하는 군인
result_002829,result_002829.jpg,2025-10-17T06:20:22.230337+00:00,36.36124817121896,127.3079265645902,0.5258500216360198,soldier,눈 덮인 지형에서 설상 위장복을 입고 저격 소총을 조준하는 군인
result_002830,result_002830.jpg,2025-10-18T14:52:22.230337+00:00,36.369199901399845,127.30384108225388,0.688126604383806,soldier,키 큰 풀과 수풀 사이에 위장된 헬멧을 착용하고 숨어있는 사람
result_002831,result_002831.jpg,2025-10-18T23:00:22.230337+00:00,36.338275587668406,127.2843397620534,0.7947573736084468,soldier,눈 덮인 언덕을 걸어 올라가는 설상 위장복을 입은 사람
result_002833,result_002833.jpg,2025-10-27T12:14:22.230337+00:00,36.34341976125765,127.29928248319595,0.7412716762324325,soldier,키 큰 풀 속에서 길리슈트를 입고 쌍안경을 사용하는 사람
result_002834,result_002834.jpg,2025-10-23T06:42:22.230337+00:00,36.32540515053056,127.32047337823944,0.8064315125475572,soldier,풀밭에 엎드려 길리슈트를 입고 위장된 카메라 렌즈를 조준하는 사람
result_002835,result_002835.jpg,2025-10-21T19:12:22.230337+00:00,36.33627114896712,127.28006504203742,0.5371796850020599,soldier,숲속에서 길리슈트를 입고 소총을 든 두 사람
result_002838,result_002838.jpg,2025-10-21T23:20:22.230337+00:00,36.3523560231279,127.30355744188947,0.5727705760452908,soldier,이끼와 양치류가 많은 숲 속에서 위장복을 입고 총기를 든 채 쭈그리고 앉아있는 군인
result_002839,result_002839.jpg,2025-10-28T02:40:22.230337+00:00,36.34183135658998,127.28111825349289,0.5457140007864875,soldier,수풀 속에서 나뭇잎 위장복을 입고 위장하고 있는 사람
result_002840,result_002840.jpg,2025-10-22T19:57:22.230337+00:00,36.35155063480905,127.29269008020212,0.5916523364313532,soldier,풀과 바위가 많은 숲 속에서 나뭇잎 위장복을 입고 소총을 든 채 위장하고 있는 사람
result_002841,result_002841.jpg,2025-10-17T20:01:22.230337+00:00,36.33030102564345,127.31778626481378,0.5157828161286983,soldier,풀이 드문 경사진 토양에 녹색 길리슈트를 입고 엎드려 위장하고 있는 사람 (항공 또는 상단 샷)
result_002842,result_002842.jpg,2025-10-23T18:22:22.230337+00:00,36.344309201003284,127.29407402168937,0.9181634978934283,soldier,풀이 드문 경사진 토양에 녹색 길리슈트를 입고 엎드려 위장하고 있는 사람 (항공 또는 상단 샷)
result_002843,result_002843.jpg,2025-10-23T16:15:22.230337+00:00,36.34586732301263,127.29614542881527,0.39009875137697,soldier,숲속 나무 옆에 나뭇잎 위장복을 입고 소총을 조준하고 있는 사람
result_002844,result_002844.jpg,2025-10-24T10:46:22.230337+00:00,36.35142018693898,127.30056284592607,0.5110095630340514,soldier,키 큰 풀 속에서 길리슈트와 위장용 안면 페인팅을 한 군인
result_002845,result_002845.jpg,2025-10-28T09:12:22.230337+00:00,36.34387559830864,127.29820124516581,0.4450979050717633,soldier,숲속 나무 옆에 나뭇잎 위장복을 입고 카메라를 들고 조준하는 사람
result_002846,result_002846.jpg,2025-10-18T07:34:22.230337+00:00,36.36021281107967,127.31727892704738,0.6234889935561518,soldier,무성한 수풀 속에서 위장복을 입고 위장된 총기를 든 채 엎드려 있는 사람
result_002847,result_002847.jpg,2025-10-18T07:14:22.230337+00:00,36.36936324168751,127.31154517136052,0.6905181386672099,soldier,숲속 나무 옆에서 길리슈트를 입고 팔을 올리고 있는 사람
result_002848,result_002848.jpg,2025-10-17T02:54:22.230337+00:00,36.35989705043719,127.31511626604838,0.7537354971392345,soldier,키 큰 풀밭 속에서 길리슈트를 입고 서 있는 사람
result_002849,result_002849.jpg,2025-10-23T01:58:22.230337+00:00,36.341611331004856,127.29586142964517,0.7093584144246159,soldier,"건조한 수풀 앞에서 위장복과 베레모, 장화를 착용하고 소총을 멘 군인"
result_002850,result_002850.jpg,2025-10-17T04:54:22.230337+00:00,36.342611261622395,127.30669214781291,0.8759648727059594,soldier,숲속 풀밭에서 검은색 전술 장비를 착용하고 소총을 조준하는 사람
result_002851,result_002851.jpg,2025-10-27T16:02:22.230337+00:00,36.36613967124178,127.29381154958402,0.547589857549595,soldier,나무 옆에서 나뭇잎 위장복과 모자를 쓰고 소총을 조준하는 사람
result_002852,result_002852.jpg,2025-10-26T10:54:22.230337+00:00,36.34316410662662,127.27838301725386,0.6567716117177378,soldier,숲 속에서 나뭇잎 위장복을 입고 서 있는 사람
result_002853,result_002853.jpg,2025-10-26T09:28:22.230337+00:00,36.34245463861245,127.30100286178849,0.6838402603750069,soldier,풀밭에 엎드려 길리슈트와 위장 그물을 덮고 소총을 조준하는 사람
result_002854,result_002854.jpg,2025-10-25T13:52:22.230337+00:00,36.348846131119444,127.30445714436684,0.7843881277857369,soldier,늪지대에서 위장복과 길리슈트 일부를 착용하고 소총을 조준하는 군인
result_002855,result_002855.jpg,2025-10-27T17:13:22.230337+00:00,36.35166947443148,127.30865007613286,0.6950726147229785,soldier,숲속 나무들 사이에서 길리슈트를 입고 활을 들고 서 있는 사람
result_002856,result_002856.jpg,2025-10-24T16:58:22.230337+00:00,36.34545020878421,127.30619651521704,0.5994144290612474,soldier,숲속 개울을 따라 위장복과 배낭을 메고 이동하는 군인
result_002857,result_002857.jpg,2025-10-22T11:34:22.230337+00:00,36.36679535333667,127.2993954836357,0.7590367714003858,soldier,마른 덤불 속에서 위장복과 비니를 쓰고 소총을 든 사람
result_002858,result_002858.jpg,2025-10-20T16:16:22.230337+00:00,36.35604012099548,127.30660880246568,0.7911947667325694,soldier,눈이 약간 덮인 숲 속에서 배낭과 위장복을 착용하고 쭈그리고 앉아있는 군인
result_002859,result_002859.jpg,2025-10-30T10:57:22.230337+00:00,36.35709488531748,127.30224706410571,0.6261732833428096,soldier,숲속 나무 옆에서 위장복을 입고 쭈그리고 앉아있는 사람
result_002860,result_002860.jpg,2025-10-17T22:26:22.230337+00:00,36.34164503862448,127.29680786354336,0.6865117256228347,soldier,마른 풀밭에 길리슈트를 입고 소총을 옆에 두고 엎드려 위장하고 있는 사람
result_002861,result_002861.jpg,2025-10-18T09:13:22.230337+00:00,36.358024428872966,127.29481893642767,0.7869600111506297,soldier,마른 풀밭에 위장복을 입고 소총을 멘 채 쭈그리고 앉아있는 사람과 새 모형
result_002862,result_002862.jpg,2025-10-22T04:24:22.230337+00:00,36.35028851404382,127.28840660608927,0.9687399207038359,soldier,숲 속 경사면에서 위장복과 전술 장비를 착용하고 소총을 조준하는 두 명의 군인
result_002863,result_002863.jpg,2025-10-30T07:36:22.230337+00:00,36.34712223687052,127.30821877172589,0.6254611635563777,soldier,숲 속 경사면에서 위장복을 입고 전술 대형으로 쭈그리고 앉아있는 네 명의 군인
result_002864,result_002864.jpg,2025-10-27T20:03:22.230337+00:00,36.34991978684797,127.31348051133524,0.9006384011080858,soldier,무성한 수풀 속에서 위장복을 입고 카메라를 들고 쭈그리고 앉아있는 사람
result_002865,result_002865.jpg,2025-10-21T02:23:22.230337+00:00,36.37083403021212,127.28729746518555,0.652524586392897,soldier,낙엽과 나뭇가지가 많은 숲 속에서 위장복을 입고 앉아있는 사람
result_002866,result_002866.jpg,2025-10-30T09:12:22.230337+00:00,36.34688107561273,127.30200188952954,0.8226101129647565,soldier,숲속에서 길리슈트 후드를 쓰고 위장복을 입고 있는 사람의 상반신
result_002867,result_002867.jpg,2025-10-29T09:49:22.230337+00:00,36.36700757998526,127.28773440294376,0.6929770450963105,soldier,풀밭에 나뭇잎 위장복을 입고 쭈그리고 앉아있는 두 사람
result_002869,result_002869.jpg,2025-10-19T04:55:22.230337+00:00,36.354097504664935,127.29795374656497,0.9116177363171565,soldier,마른 덤불과 진흙 속에서 위장복을 입고 앉아있는 사람
result_002870,result_002870.jpg,2025-10-29T10:22:22.230337+00:00,36.369526037663384,127.30042784305543,0.9673931308489668,soldier,무성한 잎이 달린 덤불 속에서 길리슈트를 입고 소총을 조준하는 사람
result_002871,result_002871.jpg,2025-10-18T02:24:22.230337+00:00,36.34648866348821,127.30083599087193,0.6692275217645938,soldier,위장복을 입고 나무 줄기에 매달린 사다리를 오르는 사람
result_002872,result_002872.jpg,2025-10-29T18:38:22.230337+00:00,36.34458673076198,127.29573594653412,0.8451134627107348,soldier,어두운 숲에서 이끼 낀 나무 옆에 위장복을 입고 소총을 든 두 군인
result_002873,result_002873.jpg,2025-10-25T03:17:22.230337+00:00,36.34562695997922,127.31166261469114,0.6609428213464854,soldier,어두운 바위 지형에서 위장복과 전술 장비를 착용하고 쭈그리고 앉아있는 두 군인
result_002875,result_002875.jpg,2025-10-26T04:26:22.230337+00:00,36.358417697999236,127.28465969888408,0.6770623483962683,soldier,숲 속에서 나뭇잎 위장복을 입고 위장하고 서 있는 사람
result_002877,result_002877.jpg,2025-10-22T13:12:22.230337+00:00,36.341435952518104,127.3074982636797,0.700174681643785,soldier,쓰러진 나무에 기대어 나뭇잎 위장복을 입고 위장하고 서 있는 사람
result_002878,result_002878.jpg,2025-10-18T02:06:22.230337+00:00,36.34083825356638,127.31083809686207,0.7736466898947861,soldier,풀이 많은 언덕에서 나뭇잎 위장복을 입고 쭈그리고 앉아있는 두 사람
result_002881,result_002881.jpg,2025-10-22T21:51:22.230337+00:00,36.365184062425904,127.31666974966097,0.5289541032094881,soldier,덤불과 쓰러진 나무 사이에서 위장복과 전술 장비를 착용하고 소총을 조준하는 군인
result_002882,result_002882.jpg,2025-10-20T18:17:22.230337+00:00,36.35073834273226,127.30406869746561,0.4797376646488017,soldier,숲속 언덕에서 위장복과 전술 장비를 착용하고 소총을 조준하는 두 군인
result_002883,result_002883.jpg,2025-10-26T18:49:22.230337+00:00,36.34053346676889,127.29065489464676,0.7185613820170181,soldier,숲속 개울가 주변에서 위장복을 착용하고 전술적으로 이동하는 두 군인
result_002884,result_002884.jpg,2025-10-23T17:46:22.230337+00:00,36.346308464598486,127.30847586445452,0.6799860155830902,soldier,풀밭에서 위장된 저격 소총과 함께 길리슈트를 입고 엎드려있는 두 사람
result_002885,result_002885.jpg,2025-10-20T07:26:22.230337+00:00,36.33857053079363,127.31272780177092,0.8717155220437912,soldier,나무 옆에 진흙과 낙엽으로 위장한 채 서 있는 사람의 상반신
result_002886,result_002886.jpg,2025-10-27T15:35:22.230337+00:00,36.33436809779017,127.3094213838408,0.7805781519218444,soldier,나무와 덤불 속에서 나뭇잎 위장복을 입고 위장하고 서 있는 사람
result_002887,result_002887.jpg,2025-10-28T01:36:22.230337+00:00,36.34912669629123,127.3053182887452,0.7800735197569895,soldier,빽빽한 숲속에서 위장복을 입고 소총을 든 채 이동하는 두 사람
result_002888,result_002888.jpg,2025-10-29T09:36:22.230337+00:00,36.3463595220614,127.3013145206717,0.48157835072667254,soldier,숲속에서 위장복과 전술 장비를 착용하고 소총을 조준하는 두 군인
result_002889,result_002889.jpg,2025-10-28T02:15:22.230337+00:00,36.3553268318498,127.28512730601831,0.8416181314971762,soldier,숲속에서 나뭇잎 위장복을 입고 쭈그리고 앉아있는 두 사람
result_002890,result_002890.jpg,2025-10-17T16:34:22.230337+00:00,36.35593791536581,127.28182731832939,0.7575065349714167,soldier,풀밭에서 길리슈트를 입고 조준경이 달린 소총을 조준하는 사람
result_002891,result_002891.jpg,2025-10-19T05:02:22.230337+00:00,36.34685074031306,127.30194988083603,0.7606417593480294,soldier,나무 옆에 위장복을 입고 앉아있는 사람
result_002892,result_002892.jpg,2025-10-26T00:12:22.230337+00:00,36.36031027291909,127.2914910806657,0.9469914110832085,soldier,숲속에서 나무들 사이에 나뭇잎 위장복을 입고 위장하고 서 있는 사람
result_002893,result_002893.jpg,2025-10-23T18:34:22.230337+00:00,36.35918364073411,127.2960189482172,0.8039214338174673,soldier,마른 풀밭에 길리슈트를 입고 서 있는 사람
result_002894,result_002894.jpg,2025-10-18T20:13:22.230337+00:00,36.3455897869942,127.30017614822783,0.32613381886080556,soldier,숲속 언덕에서 위장복을 입고 소총을 조준하며 이동하는 두 군인
result_002895,result_002895.jpg,2025-10-21T04:16:22.230337+00:00,36.337726786153716,127.30351863391823,0.5102755097435929,soldier,낙엽이 많은 숲에서 위장복과 전술 장비를 착용하고 소총을 든 두 군인
result_002896,result_002896.jpg,2025-10-22T23:25:22.230337+00:00,36.36101249897914,127.29273229143736,0.5329649816196461,soldier,낙엽이 있는 숲 속에서 나뭇잎 위장복을 입고 쭈그리고 앉아있는 두 사람
result_002897,result_002897.jpg,2025-10-25T03:18:22.230337+00:00,36.34651836367253,127.28787941402858,0.6823669778588443,soldier,풀과 낙엽이 많은 숲 속에서 위장복을 입고 위장된 망원 렌즈 카메라를 조준하는 사람
result_002899,result_002899.jpg,2025-10-23T05:39:22.230337+00:00,36.37066030931447,127.30140022606425,0.33099801448279953,soldier,숲속 개울가 주변에서 위장복과 배낭을 메고 전술적으로 이동하는 두 군인
result_002900,result_002900.jpg,2025-10-18T10:36:22.230337+00:00,36.34517835518328,127.31521560866041,0.8734843647980604,soldier,갈대와 수풀이 우거진 습지 주변에서 위장복을 입고 위장하고 있는 사람
result_002901,result_002901.jpg,2025-10-18T10:07:22.230337+00:00,36.337715500985084,127.29989483387435,0.8158930650937695,soldier,숲속 나무 옆에 위장복을 입고 앉아있는 두 군인
result_002902,result_002902.jpg,2025-10-20T10:37:22.230337+00:00,36.36199813329758,127.29603113215961,0.8661591108167924,soldier,마른 덤불이 있는 숲길에서 위장복을 입고 위장된 망원 렌즈 카메라를 조준하는 사람
result_002903,result_002903.jpg,2025-10-29T20:32:22.230337+00:00,36.34395003231219,127.29885595879524,0.5569778868148663,soldier,마른 풀밭에서 위장복과 전술 장비를 착용하고 소총을 든 두 군인
result_002904,result_002904.jpg,2025-10-17T05:00:22.230337+00:00,36.34567148097421,127.30920767808813,0.6591077130041829,soldier,덤불 속에서 위장복과 전술 헬멧을 착용하고 소총을 들고 엎드려있는 군인
result_002905,result_002905.jpg,2025-10-18T02:01:22.230337+00:00,36.35948518414688,127.28818859391744,0.7891279429885462,soldier,숲속에서 나뭇잎 위장복을 입고 소총을 조준하는 두 사람
result_002906,result_002906.jpg,2025-10-23T03:46:22.230337+00:00,36.34817535823534,127.30487935859067,0.7074326696805177,soldier,소나무 숲에서 나뭇잎 위장복을 입고 위장된 카메라를 조준하는 사람
result_002907,result_002907.jpg,2025-10-22T14:23:22.230337+00:00,36.34429334498094,127.29220188528853,0.7606321996742677,soldier,숲속에서 나뭇잎 위장복을 입고 소총을 든 채 위장하고 있는 사람
result_002908,result_002908.jpg,2025-10-19T17:47:22.230337+00:00,36.36116055791982,127.29663978136281,0.9961536683483466,soldier,마른 갈대밭에서 위장복과 모자를 쓰고 서 있는 사람
result_002909,result_002909.jpg,2025-10-29T19:49:22.230337+00:00,36.34158495673365,127.30041152901772,0.6365121744118165,soldier,낙엽과 마른 덤불 속에서 위장복을 입고 엽총을 조준하는 사람
result_002910,result_002910.jpg,2025-10-19T13:40:22.230337+00:00,36.33661710393668,127.30484330256074,0.9305657244697121,soldier,낙엽이 덮인 땅에 길리슈트를 입고 소총을 옆에 두고 엎드려 위장하고 있는 사람
result_002911,result_002911.jpg,2025-10-29T00:55:22.230337+00:00,36.36164338695671,127.29143990640013,0.8623441594557849,soldier,숲속 쓰러진 나무 위에서 위장복을 입고 쭈그리고 앉아있는 두 사람
result_002912,result_002912.jpg,2025-10-16T15:51:22.230337+00:00,36.35509366235235,127.30671048848953,0.8523132511099214,soldier,낙엽과 덤불이 많은 숲 속에서 길리슈트를 입고 쭈그리고 앉아있는 두 사람
result_002913,result_002913.jpg,2025-10-23T23:21:22.230337+00:00,36.35365281594445,127.29740859993473,0.7030421533957982,soldier,숲속 낙엽이 있는 땅에 엎드려 위장복을 입고 위장된 카메라를 옆에 둔 사람
result_002914,result_002914.jpg,2025-10-18T20:31:22.230337+00:00,36.350491198576115,127.29111199224737,0.784675984998982,soldier,가을 숲길에서 전술 장비를 착용하고 소총을 든 두 군인
result_002915,result_002915.jpg,2025-10-26T02:10:22.230337+00:00,36.33234989532498,127.30799318542415,0.9157795659683973,soldier,풀이 무성한 숲에서 위장복을 입고 위장된 카메라를 들고 쭈그리고 앉아있는 사람
result_002916,result_002916.jpg,2025-10-19T18:44:22.230337+00:00,36.34037545522172,127.29487603971356,0.6104308285765918,soldier,자작나무 숲에서 길리슈트와 위장 가방을 메고 서 있는 사람
result_002917,result_002917.jpg,2025-10-29T04:08:22.230337+00:00,36.36660537160412,127.3076635922412,0.528485613740619,soldier,무성한 녹색 덤불 속에서 나뭇잎 위장복을 입고 서 있는 사람
result_002918,result_002918.jpg,2025-10-29T09:23:22.230337+00:00,36.35801606667861,127.30360097125718,0.6787703996137611,soldier,마른 풀 더미와 자작나무 옆에서 위장복을 입고 서 있는 사람
result_002919,result_002919.jpg,2025-10-20T03:24:22.230337+00:00,36.334836087368835,127.31279251096204,0.7851434259132276,soldier,숲속 개울가 옆에서 위장복을 입고 위장된 카메라를 들고 서 있는 사람
result_002920,result_002920.jpg,2025-10-18T17:35:22.230337+00:00,36.36046787805724,127.31410795858105,0.9058288641097639,soldier,마른 풀과 덤불 속에서 위장복을 입고 위장된 카메라를 들고 서 있는 사람
result_002921,result_002921.jpg,2025-10-27T21:45:22.230337+00:00,36.35175387110774,127.27119121945407,0.7654533112161569,soldier,숲속 낙엽과 풀 속에 엎드려 위장복을 입고 위장된 카메라를 조준하는 사람
result_002922,result_002922.jpg,2025-10-30T11:09:22.230337+00:00,36.34283725887842,127.31640260270571,0.3847608375047314,soldier,마른 풀밭에서 위장복을 입고 엽총을 들고 쭈그리고 앉아있는 사람과 새 모형
result_002923,result_002923.jpg,2025-10-17T21:58:22.230337+00:00,36.34881882858987,127.303876749133,0.6719347744438533,soldier,길리슈트를 입고 위장용 안면 페인팅을 한 채 카메라를 조준하는 사람의 클로즈업
result_002924,result_002924.jpg,2025-10-24T16:28:22.230337+00:00,36.34007248177623,127.3115093946566,0.6415856645710248,soldier,낙엽이 깔린 숲 속에서 위장복을 입고 소총과 함께 엎드려 위장하고 있는 사람
result_002925,result_002925.jpg,2025-10-16T20:02:22.230337+00:00,36.36574330121753,127.30150478215829,0.8959498168149954,soldier,무성한 풀과 덤불 속에서 나뭇잎 위장복을 입고 쭈그리고 앉아있는 사람
result_002926,result_002926.jpg,2025-10-27T12:11:22.230337+00:00,36.34771181353204,127.30838791445127,0.8474255869752689,soldier,나뭇잎 뒤에 위장하고 있는 사람의 눈과 모자 일부 클로즈업
result_002927,result_002927.jpg,2025-10-16T12:06:22.230337+00:00,36.357122401377126,127.3068488787426,0.7610344633772708,soldier,마른 덤불 속 나무 옆에서 위장복을 입고 활을 조준하는 사람
result_002928,result_002928.jpg,2025-10-24T23:11:22.230337+00:00,36.35429401133772,127.29610179057957,0.5741701566289045,soldier,숲속 바닥에 위장복을 입고 엎드려 위장된 카메라를 조준하는 사람
result_002929,result_002929.jpg,2025-10-25T10:12:22.230337+00:00,36.35522533380156,127.29732996353266,0.6367026149138072,soldier,쓰러진 나뭇가지 사이에 위장복을 입고 숨어있는 사람
result_002930,result_002930.jpg,2025-10-25T18:41:22.230337+00:00,36.354359635930535,127.30933475076132,0.9510075909445715,soldier,"숲속 경사면에서 위장복과 부니햇, 배낭을 메고 서 있는 사람"
result_002931,result_002931.jpg,2025-10-17T02:15:22.230337+00:00,36.36560729895037,127.29350416870952,0.7393584945941263,soldier,"숲속에서 위장복과 전술 조끼, 부니햇을 착용하고 소총을 멘 군인"
result_002932,result_002932.jpg,2025-10-16T13:12:22.230337+00:00,36.33895723570844,127.29987496956834,0.4995015377439185,soldier,무성한 수풀 속에서 나뭇잎 위장복을 입고 위장하고 있는 사람의 상반신
result_002934,result_002934.jpg,2025-10-23T20:25:22.230337+00:00,36.346194055281984,127.29869285643272,0.6469506242023778,soldier,숲속 덤불 사이로 길리슈트를 입고 소총을 든 사람의 상반신
result_002935,result_002935.jpg,2025-10-23T04:36:22.230337+00:00,36.35725100881351,127.2836666357824,0.8014710979977807,soldier,무성한 녹색 숲에서 나뭇잎 위장복을 입고 소총을 든 사람의 상반신
result_002936,result_002936.jpg,2025-10-17T17:25:22.230337+00:00,36.35001780414066,127.31129716924768,0.7418582502169913,soldier,녹색 덤불 앞에서 길리슈트를 입고 소총을 들고 서 있는 사람
result_002939,result_002939.jpg,2025-10-21T09:58:22.230337+00:00,36.335185864209514,127.3009587454651,0.5221220335378316,soldier,숲속에서 길리슈트를 입고 활을 들고 서 있는 사람
result_002940,result_002940.jpg,2025-10-19T08:12:22.230337+00:00,36.34144066430125,127.30737177048677,0.7887956677787987,soldier,눈 덮인 숲 속에서 설상 위장복을 입고 위장된 카메라를 조준하는 사람
result_002941,result_002941.jpg,2025-10-26T14:08:22.230337+00:00,36.347374158637095,127.30444776643864,0.8343106349778235,soldier,야자수와 마른 땅이 있는 환경에서 길리슈트를 입고 서 있는 사람
result_002942,result_002942.jpg,2025-10-18T20:41:22.230337+00:00,36.35357136726229,127.30283722783898,0.9559245605214219,soldier,눈 덮인 숲속에서 길리슈트를 입고 위장된 카메라를 조준하는 사람
result_002943,result_002943.jpg,2025-10-23T12:53:22.230337+00:00,36.36543858360931,127.29921949613005,0.5456696989330824,soldier,마른 풀과 덤불 속에서 위장복을 입고 소총을 들고 있는 사람의 상반신
result_002945,result_002945.jpg,2025-10-20T22:30:22.230337+00:00,36.354765735516956,127.29257156412497,0.8572831882079494,soldier,마른 풀밭에 위장된 물체 또는 사람이 엎드려 위장하고 있는 모습
result_002947,result_002947.jpg,2025-10-26T17:48:22.230337+00:00,36.35619743296144,127.3085249551439,0.6483852375873804,soldier,풀이 많은 숲 가장자리에서 길리슈트를 입고 소총을 옆에 둔 채 쭈그리고 앉아있는 사람
result_002948,result_002948.jpg,2025-10-29T19:26:22.230337+00:00,36.36516012556017,127.2966541089246,0.9471810592732696,soldier,풀밭에 길리슈트를 입고 앉아있는 두 사람이 위장하고 있는 모습
result_002949,result_002949.jpg,2025-10-20T15:48:22.230337+00:00,36.3643497741846,127.30376780151381,0.7050984041212613,soldier,키 큰 마른 풀밭에 길리슈트를 입고 서 있는 사람
result_002950,result_002950.jpg,2025-10-17T02:01:22.230337+00:00,36.35362586533064,127.30627505664337,0.6273089936376058,soldier,노란 꽃이 핀 풀밭에 길리슈트를 입고 위장하고 있는 사람
result_002951,result_002951.jpg,2025-10-18T10:27:22.230337+00:00,36.34754086947895,127.2997528135519,0.7289006073565159,soldier,풀과 덤불 속에 길리슈트를 입고 소총을 옆에 두고 엎드려 위장하고 있는 사람
result_002952,result_002952.jpg,2025-10-20T05:09:22.230337+00:00,36.35893076555183,127.31068943054564,0.777163079668385,soldier,숲속 나무 옆에 길리슈트를 입고 앉아있는 두 사람
result_002953,result_002953.jpg,2025-10-25T23:00:22.230337+00:00,36.35885141616092,127.30366648539942,0.7999321410022124,soldier,숲속에서 길리슈트를 입고 배낭을 메거나 소총을 든 세 사람
result_002954,result_002954.jpg,2025-10-21T22:11:22.230337+00:00,36.348837005715744,127.30032956271602,0.842167084063728,soldier,녹색 덤불 속에 길리슈트를 입고 위장된 저격 소총을 조준하는 사람의 클로즈업
result_002955,result_002955.jpg,2025-10-18T01:53:22.230337+00:00,36.354459495632156,127.31231558488916,0.6571757292467889,soldier,숲속 풀밭에 길리슈트를 입고 위장하고 서 있는 사람
result_002956,result_002956.jpg,2025-10-26T21:18:22.230337+00:00,36.34916479737036,127.28176629731483,0.4841075950041731,soldier,숲속 풀과 덤불 위에 길리슈트를 입고 누워있는 사람
result_002957,result_002957.jpg,2025-10-29T15:02:22.230337+00:00,36.35218943936158,127.30557129234215,0.6944542733214211,soldier,키 큰 마른 풀 속에 길리슈트를 입고 서 있는 두 사람
result_002958,result_002958.jpg,2025-10-30T04:13:22.230337+00:00,36.353799297331975,127.28345060679045,0.7731680424524408,soldier,마른 덤불 속에서 위장복을 입고 소총을 들고 쭈그리고 앉아있는 사람
result_002959,result_002959.jpg,2025-10-16T20:10:22.230337+00:00,36.339291593355526,127.30656737723442,0.5493497656365635,soldier,풀밭에서 나뭇잎 위장복을 입고 저격 소총을 조준하는 사람
result_002960,result_002960.jpg,2025-10-17T15:36:22.230337+00:00,36.3465052088358,127.3013189051795,0.9068205062334109,soldier,눈 덮인 숲에서 설상 하의와 길리슈트 상의를 입고 저격 소총을 들고 서 있는 사람
result_002961,result_002961.jpg,2025-10-28T15:09:22.230337+00:00,36.36742414430949,127.28562760857267,0.8206362504590062,soldier,눈 덮인 덤불 속에서 길리슈트와 설상 하의를 입고 저격 소총을 조준하는 사람
result_002962,result_002962.jpg,2025-10-25T12:06:22.230337+00:00,36.35278019431488,127.30578645167606,0.7133530460233003,soldier,숲속 나무 옆에 길리슈트를 입고 소총을 들고 위장하고 있는 사람
result_002963,result_002963.jpg,2025-10-18T15:37:22.230337+00:00,36.3369407495984,127.29746766132034,0.9277813086692366,soldier,마른 풀밭에 길리슈트를 입고 서 있는 사람
result_002964,result_002964.jpg,2025-10-20T19:10:22.230337+00:00,36.363489193628595,127.29204970099215,0.7245682756457592,soldier,마른 풀밭에 길리슈트를 입고 서 있는 사람
result_002965,result_002965.jpg,2025-10-16T20:46:22.230337+00:00,36.345169053686874,127.30021444997922,0.4985786393213601,soldier,풀밭에 엎드린 저격 소총 옆에 길리슈트를 입고 위장하고 있는 두 사람의 상반신
result_002969,result_002969.jpg,2025-10-27T00:00:22.230337+00:00,36.33430919313301,127.32015356036761,0.6994838533463684,soldier,마른 숲 속에서 길리슈트를 입고 소총을 들고 쭈그리고 앉아있는 사람
result_002970,result_002970.jpg,2025-10-30T05:28:22.230337+00:00,36.367776521141415,127.28613574323681,0.8208863712143231,soldier,무성한 풀밭에서 길리슈트를 입고 총기를 든 채 쭈그리고 앉아있는 사람
result_002971,result_002971.jpg,2025-10-18T06:01:22.230337+00:00,36.35545950657326,127.28790630761715,0.5706761040877215,soldier,마른 풀밭에 길리슈트를 입고 앉아 위장하고 있는 두 사람
result_002972,result_002972.jpg,2025-10-17T15:45:22.230337+00:00,36.350321118762885,127.30384782825443,0.8153792045817804,soldier,마른 덤불이 있는 지형에서 길리슈트와 저격 소총을 조준하는 사람의 상반신
result_002973,result_002973.jpg,2025-10-21T13:43:22.230337+00:00,36.336162805399745,127.29661101050799,0.6339114745060694,soldier,연기가 자욱한 황무지에서 길리슈트를 입고 소총을 든 채 이동하는 두 사람
result_002974,result_002974.jpg,2025-10-20T21:52:22.230337+00:00,36.355312836642376,127.29411812680219,0.952249735446438,soldier,낙엽이 덮인 숲 속에서 길리슈트를 입고 소총을 든 채 엎드려 위장하고 있는 사람
result_002975,result_002975.jpg,2025-10-30T07:43:22.230337+00:00,36.344977454036645,127.28793316933334,0.8582113921549445,soldier,낙엽이 있는 숲 속에서 길리슈트를 입고 소총을 든 두 사람
result_002976,result_002976.jpg,2025-10-22T09:20:22.230337+00:00,36.35437587471856,127.29999808958638,0.8568081171074162,soldier,붉은 진흙탕 물 속에서 젖은 길리슈트를 입고 엎드려 있는 사람
result_002977,result_002977.jpg,2025-10-27T09:04:22.230337+00:00,36.35617963022618,127.29895225885035,0.8455592409442226,soldier,폐허의 벽 구멍에 위장복을 입고 저격 소총을 조준하는 군인
result_002978,result_002978.jpg,2025-10-21T20:56:22.230337+00:00,36.368802269331624,127.30270160272636,0.7410952851286162,soldier,바위가 있는 언덕에서 길리슈트를 입고 소총을 조준하는 사람
result_002979,result_002979.jpg,2025-10-21T02:00:22.230337+00:00,36.34519355967733,127.31063171945893,0.9039697663592555,soldier,바위와 자갈로 뒤덮인 해변에 바위처럼 위장된 물체 또는 사람이 서 있는 모습
result_002980,result_002980.jpg,2025-10-19T17:31:22.230337+00:00,36.34031035392689,127.28840683673097,0.8326903266540537,soldier,강변의 마른 풀밭에서 길리슈트를 입고 서 있는 사람
result_002982,result_002982.jpg,2025-10-24T21:52:22.230337+00:00,36.369338085943255,127.29195954271536,0.7049495504829366,soldier,바위와 자갈로 뒤덮인 언덕에서 바위처럼 위장하고 있는 사람의 뒷모습
result_002983,result_002983.jpg,2025-10-24T20:28:22.230337+00:00,36.34145922126073,127.31464643633292,0.6254911199043744,soldier,바위가 많은 해변에서 바위처럼 위장하고 엎드려 있는 사람
result_002984,result_002984.jpg,2025-10-20T21:42:22.230337+00:00,36.34399190752809,127.3004057795344,0.5437295464660857,soldier,낙엽과 흙이 있는 땅에 길리슈트를 입고 엎드려 있는 사람
result_002985,result_002985.jpg,2025-10-26T00:46:22.230337+00:00,36.35607773041121,127.2974830297456,0.37486596343352835,soldier,바위가 많은 해변에서 바위처럼 위장하고 서 있는 사람의 뒷모습
result_002987,result_002987.jpg,2025-10-25T04:00:22.230337+00:00,36.33132614109501,127.30358318231127,0.7427894911179778,soldier,눈 덮인 언덕의 나무 옆에 설상 위장복을 입고 서 있는 사람
result_002988,result_002988.jpg,2025-10-22T00:24:22.230337+00:00,36.34377241077795,127.31084949264987,0.677656786955567,soldier,눈 덮인 덤불 속에서 설상 위장복과 복면을 착용하고 쭈그리고 앉아있는 사람
result_002989,result_002989.jpg,2025-10-24T16:46:22.230337+00:00,36.35380152903903,127.2962035274126,0.5438485467314651,soldier,바위와 눈이 있는 산악 지형에서 설상 위장복과 전술 장비를 착용하고 소총을 든 군인
result_002990,result_002990.jpg,2025-10-19T23:48:22.230337+00:00,36.34942683700047,127.30488177465175,0.4586309545127396,soldier,눈 덮인 덤불 앞에서 설상 위장복을 입고 서 있는 사람
result_002991,result_002991.jpg,2025-10-20T20:00:22.230337+00:00,36.356619168299694,127.30872545284025,0.6409889458331117,soldier,눈 덮인 덤불 앞에서 설상 위장복을 입고 서 있는 사람
result_002992,result_002992.jpg,2025-10-24T07:58:22.230337+00:00,36.34365328529642,127.30140169950906,0.7857017379324832,soldier,눈 덮인 덤불 앞에서 설상 위장복을 입고 서 있는 사람
result_002994,result_002994.jpg,2025-10-30T10:43:22.230337+00:00,36.33366221190164,127.30660898066587,0.44112870603334764,soldier,눈 덮인 언덕을 오르는 설상 위장복을 입은 사람
result_002995,result_002995.jpg,2025-10-22T10:51:22.230337+00:00,36.36239409566142,127.30077181371315,0.8968839809019469,soldier,눈 덮인 숲에서 흰색 설상 위장복을 입고 대형 저격 소총을 들고 서 있는 사람
result_002996,result_002996.jpg,2025-10-22T01:09:22.230337+00:00,36.35645970238571,127.30254140301157,0.8152135536492667,soldier,눈 덮인 숲에서 흰색 설상 위장복을 입고 대형 저격 소총을 조준하는 군인
result_002997,result_002997.jpg,2025-10-24T15:48:22.230337+00:00,36.3393156898255,127.30570874925975,0.5270456256415506,soldier,눈 덮인 숲 속에서 흰색 설상 위장복을 입고 대형 저격 소총을 조준하는 군인
result_002998,result_002998.jpg,2025-10-20T13:19:22.230337+00:00,36.33176946661146,127.30842553148892,0.997707718100922,soldier,눈 덮인 숲 속에서 흰색 설상 위장복을 입고 대형 저격 소총을 조준하는 군인
result_002999,result_002999.jpg,2025-10-29T04:43:22.230337+00:00,36.35761305700261,127.30052732316652,0.8356053604814447,soldier,눈 덮인 숲 속에서 흰색 설상 위장복을 입은 군인이 대형 소총의 일부를 조작하는 모습
result_003000,result_003000.jpg,2025-10-28T06:49:22.230337+00:00,36.339150731141316,127.29589100072293,0.5940612605198281,soldier,눈 덮인 숲 속에서 흰색 설상 위장복을 입고 장비를 조작하는 군인
result_003001,result_003001.jpg,2025-10-29T03:20:22.230337+00:00,36.35065111849326,127.28547797425912,0.4843051358680913,soldier,눈 덮인 들판에서 흰색 설상 위장복을 입고 이동하는 두 사람
result_003002,result_003002.jpg,2025-10-24T16:02:22.230337+00:00,36.35015119746879,127.29901199483452,0.44292850272877254,soldier,무성한 녹색 숲에서 길리슈트를 입고 팔을 뻗고 서 있는 사람
result_003003,result_003003.jpg,2025-10-25T23:43:22.230337+00:00,36.36108570492941,127.31788529485209,0.8623173445128655,soldier,해가 비치는 마른 덤불 속에서 흰색 설상 위장복을 입고 소총을 멘 채 이동하는 두 사람
result_003004,result_003004.jpg,2025-10-22T17:00:22.230337+00:00,36.34509132193831,127.30116005498085,0.6774542049763503,soldier,나무 뒤에 흰색 설상 위장복을 입고 숨어있는 사람
result_003005,result_003005.jpg,2025-10-26T18:50:22.230337+00:00,36.34055899830269,127.28466728998578,0.8086253059157483,soldier,눈 덮인 마른 풀밭에서 흰색 설상 위장복을 입고 장비를 들고 이동하는 세 군인
result_003006,result_003006.jpg,2025-10-27T07:04:22.230337+00:00,36.35716198392208,127.2842272700918,0.6131508152086951,soldier,눈 덮인 마른 풀밭에서 흰색 설상 위장복을 입고 소총을 든 채 이동하는 세 군인
result_003007,result_003007.jpg,2025-10-16T21:22:22.230337+00:00,36.354387494193496,127.29720811344924,0.8448864761896864,soldier,눈 덮인 숲 속에서 흰색 설상 위장복을 입고 이동하는 두 군인
result_003009,result_003009.jpg,2025-10-21T14:12:22.230337+00:00,36.363508877229165,127.28628238909278,0.903059157193068,soldier,눈 덮인 풀 속에서 흰색 모자와 위장복을 입고 위장된 저격 소총을 조준하는 사람의 클로즈업
result_003010,result_003010.jpg,2025-10-17T07:58:22.230337+00:00,36.361615721928445,127.3005032841744,0.7638269500831608,soldier,눈 덮인 숲에서 설상 위장복을 입고 전술 대형으로 이동하는 세 명의 군인
result_003011,result_003011.jpg,2025-10-23T03:57:22.230337+00:00,36.35381868823321,127.2850472451773,0.7266354940314018,soldier,눈 덮인 지형에서 설상 위장복을 입고 미사일 발사 시스템을 조작하는 두 군인
result_003012,result_003012.jpg,2025-10-27T18:36:22.230337+00:00,36.351482739207256,127.30487190753016,0.7228457546438724,soldier,눈 덮인 산악 지형에 설상 위장복을 입고 엎드려 위장하고 있는 사람
result_003013,result_003013.jpg,2025-10-19T00:05:22.230337+00:00,36.34273861332279,127.29783580898527,0.4601244122439533,soldier,눈 덮인 언덕에 설상 위장하고 있는 사람의 일부분
result_003014,result_003014.jpg,2025-10-19T09:59:22.230337+00:00,36.342192838568295,127.30784013903015,0.8175874591263069,soldier,눈 덮인 언덕에 설상 위장하고 있는 사람의 일부분
result_003015,result_003015.jpg,2025-10-18T15:21:22.230337+00:00,36.3457588621461,127.2985072716362,0.46505836046765464,soldier,눈 덮인 언덕에서 전방으로 엎드려 위장하고 있는 사람
result_003016,result_003016.jpg,2025-10-22T23:13:22.230337+00:00,36.35367213864322,127.30746676208341,0.9434928035183622,soldier,눈 덮인 언덕에 설상 위장하고 있는 사람의 일부분
result_003017,result_003017.jpg,2025-10-25T07:13:22.230337+00:00,36.34843247636826,127.30966124757195,0.454970723125052,soldier,눈 덮인 산 정상에 엎드려 위장하고 있는 사람과 발자국
result_003018,result_003018.jpg,2025-10-28T22:28:22.230337+00:00,36.37061172783435,127.28966565269047,0.7074974453225594,soldier,눈 덮인 산 정상에 엎드려 위장하고 있는 사람과 발자국
result_003019,result_003019.jpg,2025-10-25T02:46:22.230337+00:00,36.35142890605277,127.29746322229128,0.8181933951086822,soldier,풀과 나무가 많은 숲 속에서 길리슈트를 입고 쭈그리고 앉아 위장하고 있는 사람
result_003020,result_003020.jpg,2025-10-21T08:04:22.230337+00:00,36.33727013417943,127.3048295502313,0.3905694858406919,soldier,눈 덮인 산 경사면의 능선 위에 서 있는 설상 위장복을 입은 사람
result_003021,result_003021.jpg,2025-10-26T09:28:22.230337+00:00,36.35425029598883,127.31404528233018,0.738204336435174,soldier,눈과 나무가 있는 산악 지형에서 설상 위장복을 입고 서 있는 사람
result_003022,result_003022.jpg,2025-10-25T17:12:22.230337+00:00,36.35517934611899,127.28312923408613,0.6336066051279914,soldier,눈과 나무가 있는 산악 지형에서 설상 위장복을 입고 서 있는 사람
result_003023,result_003023.jpg,2025-10-17T21:10:22.230337+00:00,36.344002623243085,127.29995530519845,0.8906931295792516,soldier,눈 덮인 산악 지형에서 설상 위장복을 입고 서 있는 사람
result_003024,result_003024.jpg,2025-10-20T11:27:22.230337+00:00,36.33987566772112,127.28748648803509,0.5258483960044373,soldier,눈 덮인 숲 속에서 설상 위장복과 전술 장비를 착용하고 소총을 든 군인
result_003025,result_003025.jpg,2025-10-23T21:10:22.230337+00:00,36.324567107840586,127.2940584265167,0.61567538694493,soldier,눈 덮인 산악 지형에서 설상 위장복을 입고 서 있는 사람
result_003026,result_003026.jpg,2025-10-19T18:45:22.230337+00:00,36.37115500846757,127.30461301755935,0.6235395632765709,soldier,눈 덮인 산악 지형에서 설상 위장복을 입고 이동하는 사람
result_003027,result_003027.jpg,2025-10-16T23:19:22.230337+00:00,36.36483356098953,127.28690414748922,0.6964285106870023,soldier,눈 덮인 산악 지형에서 설상 위장복을 입고 서 있는 사람
result_003028,result_003028.jpg,2025-10-24T10:05:22.230337+00:00,36.35568905400042,127.30912405271154,0.8269012448510682,soldier,키 큰 풀밭에 엎드려 위장하고 있는 사람
result_003029,result_003029.jpg,2025-10-22T07:59:22.230337+00:00,36.354947641856164,127.30521320958921,0.33784828489562063,soldier,눈 덮인 숲에서 설상 위장복을 입고 소총을 조준하는 사람
result_003030,result_003030.jpg,2025-10-17T01:36:22.230337+00:00,36.34117881894526,127.30326423495876,0.8641374818773164,soldier,풀밭에 위장하고 있는 길리슈트 착용자가 소총을 조준하는 모습의 클로즈업
result_003031,result_003031.jpg,2025-10-23T00:56:22.230337+00:00,36.353082423809205,127.29781084336229,0.7191558208593456,soldier,숲속 나무들 사이에 설치된 은신처 아래에 위장복을 입고 쭈그리고 앉아있는 군인
result_003032,result_003032.jpg,2025-10-21T08:34:22.230337+00:00,36.34319490750566,127.30402783142677,0.5190809138395147,soldier,숲 속에서 나뭇잎 위장복을 입고 쭈그리고 앉아 위장하고 있는 사람
result_003033,result_003033.jpg,2025-10-21T02:03:22.230337+00:00,36.35518742496186,127.2948502462373,0.6106676996868032,soldier,키 큰 풀밭에서 길리슈트와 소총을 멘 채 뒷모습을 보이는 사람
result_003034,result_003034.jpg,2025-10-16T16:45:22.230337+00:00,36.352613218505596,127.29230581015727,0.7271202194950512,soldier,숲 속 바닥에 녹색 길리슈트를 입고 쭈그리고 앉아 위장하고 있는 사람
result_003035,result_003035.jpg,2025-10-28T14:54:22.230337+00:00,36.35579057776874,127.28322766167284,0.5521409854648411,soldier,나무 옆에 길리슈트를 입고 쭈그리고 앉아 위장하고 있는 사람
result_003037,result_003037.jpg,2025-10-27T13:59:22.230337+00:00,36.35992422611836,127.30930455704936,0.9478180750702716,soldier,숲 속에서 길리슈트와 위장복을 입고 소총을 든 채 서 있는 사람
result_003038,result_003038.jpg,2025-10-20T09:52:22.230337+00:00,36.35594588716825,127.29619614707849,0.8575058168664774,soldier,숲속 자작나무 옆에 위장복을 입고 소총을 든 채 서 있는 사람
result_003039,result_003039.jpg,2025-10-30T01:42:22.230337+00:00,36.34857981563477,127.30191221875252,0.6860287113078101,soldier,상록수와 나무 그루터기 사이에 길리슈트 위장 재료가 널브러진 모습
result_005924,result_005924.jpg,2025-10-28T04:25:22.230337+00:00,36.363877189301796,127.27888104663118,0.5517329018749654,soldier,풀이 무성한 길을 따라 위장복과 전술 장비를 착용하고 이동하는 군인들 (흑백)
result_005925,result_005925.jpg,2025-10-23T07:16:22.230337+00:00,36.343081652230914,127.29014733455057,0.9453481808906069,soldier,덤불이 우거진 경사면 아래에 위장복과 배낭을 메고 앉아있는 군인 (흑백)
result_005927,result_005927.jpg,2025-10-18T15:36:22.230337+00:00,36.349882621413876,127.28959540399396,0.6272790075826807,soldier,타이어가 쌓인 훈련장에서 위장복을 입고 소총을 조준하는 군인들 (흑백)
result_005929,result_005929.jpg,2025-10-22T01:26:22.230337+00:00,36.35949297997051,127.28775158389641,0.7419528090764103,soldier,마른 언덕 경사면을 따라 이동하는 위장복을 입은 군인 (흑백)
result_005930,result_005930.jpg,2025-10-26T20:06:22.230337+00:00,36.361501024732206,127.29996504043054,0.3652708089635894,soldier,마른 언덕 경사면을 따라 이동하는 위장복을 입은 두 군인 (흑백)
result_005932,result_005932.jpg,2025-10-18T03:22:22.230337+00:00,36.3573930266495,127.29290357116854,0.42584314440375715,soldier,마른 풀밭에 전술 장비를 갖추고 쭈그리고 앉아있는 군인들 (흑백)
result_005933,result_005933.jpg,2025-10-21T11:47:22.230337+00:00,36.366771752204684,127.30957868702332,0.6434007902504915,soldier,눈 덮인 숲에서 설상 위장복을 입고 소총을 메고 걸어가는 사람의 뒷모습
result_005935,result_005935.jpg,2025-10-18T04:32:22.230337+00:00,36.34781536741088,127.30235121574319,0.8709387193241943,soldier,숲속 바닥에 낙엽이 덮인 곳에서 나뭇잎 위장복을 입고 서 있는 사람의 뒷모습
result_005936,result_005936.jpg,2025-10-25T20:46:22.230337+00:00,36.35395619853344,127.29959816559067,0.9283754962104014,soldier,숲속 길에서 위장복과 전술 장비를 착용하고 소총을 든 두 군인
result_005937,result_005937.jpg,2025-10-27T10:40:22.230337+00:00,36.35457654825788,127.30087228203575,0.6394791441619079,soldier,바위가 많은 지형에서 나뭇잎 위장복을 입고 카메라를 들고 쭈그리고 앉아있는 사람
result_005938,result_005938.jpg,2025-10-17T11:27:22.230337+00:00,36.35142447795771,127.29433027505759,0.9343185677668044,soldier,자작나무 숲에서 나뭇잎 위장복을 입고 위장 가방을 메고 걸어가는 사람
result_005939,result_005939.jpg,2025-10-25T14:38:22.230337+00:00,36.366256507952826,127.31093691346551,0.6427384258420317,soldier,풀이 무성한 덤불 속에 위장복을 입고 서 있는 세 명의 군인
result_005940,result_005940.jpg,2025-10-18T06:42:22.230337+00:00,36.35351698425279,127.29102476016584,0.5928968037524162,soldier,숲속에서 나뭇잎 위장복을 입고 소총을 든 채 쭈그리고 앉아있는 두 사람
result_005943,result_005943.jpg,2025-10-20T12:45:22.230337+00:00,36.35017166646907,127.3050986767384,0.33300504989156243,soldier,숲속 낙엽이 많은 경사면을 따라 배낭을 메고 걸어 올라가는 두 군인
result_005945,result_005945.jpg,2025-10-22T18:36:22.230337+00:00,36.33587449277722,127.30691211959127,0.8842633011439434,soldier,낙엽이 덮인 숲속에서 위장복을 입고 쭈그리고 앉아있는 사람
result_005946,result_005946.jpg,2025-10-22T03:47:22.230337+00:00,36.34830541117598,127.29711656135713,0.8233401767075895,soldier,쓰러진 나무 옆에서 위장복과 복면을 착용하고 쭈그리고 앉아있는 사람
result_005947,result_005947.jpg,2025-10-27T10:26:22.230337+00:00,36.35291073627016,127.305967433058,0.7817712636525496,soldier,나무 옆에서 위장복과 모자를 쓰고 쭈그리고 앉아 위장하고 있는 사람
result_005948,result_005948.jpg,2025-10-26T17:00:22.230337+00:00,36.34994099152175,127.30535399229998,0.629663070234057,soldier,숲속 바닥에 위장복을 입고 소총을 조준하는 자세로 서 있는 사람
result_005951,result_005951.jpg,2025-10-18T07:20:22.230337+00:00,36.361422840082604,127.2906620167438,0.6735831363276183,soldier,나무가 있는 숲속에서 길리슈트를 입고 서 있는 두 사람
result_005953,result_005953.jpg,2025-10-17T04:41:22.230337+00:00,36.36001827966148,127.2993089294815,0.9626186853636263,soldier,눈 덮인 숲 속에서 설상 길리슈트를 입고 총기를 든 채 서 있는 사람
result_005954,result_005954.jpg,2025-10-26T10:03:22.230337+00:00,36.34259727027486,127.30520727595388,0.740048840545036,soldier,눈 덮인 언덕을 오르며 설상 위장복을 입고 쭈그리고 앉아있는 사람
result_005956,result_005956.jpg,2025-10-26T20:51:22.230337+00:00,36.37729154077738,127.29898407930337,0.7009744217227444,soldier,눈과 마른 풀이 있는 산악 지형에서 설상 위장복을 입고 저격 소총을 든 채 쭈그리고 앉아있는 사람
result_005958,result_005958.jpg,2025-10-17T10:42:22.230337+00:00,36.35676464819424,127.2975526143033,0.7140706235385992,soldier,눈 덮인 숲 속에서 설상 위장복과 전술 조끼를 착용하고 소총을 든 군인
result_005959,result_005959.jpg,2025-10-21T08:42:22.230337+00:00,36.33137794497455,127.31090134389544,0.78547454302967,soldier,숲 속에서 나뭇잎 위장복을 입고 서 있는 사람